{"cameraMode":{"drawMode":0,"name":"Shaded","section":"Shading Mode"},"sceneLighting":true,"audioPlay":false,"sceneViewState":{"showFog":true,"showMaterialUpdate":false,"showSkybox":true,"showFlares":true,"showImageEffects":true,"showParticleSystems":true},"in2DMode":false,"pivot":{"x":-0.24717573821544648,"y":0.8925783634185791,"z":-0.8237671256065369},"rotation":{"x":-0.40850329399108889,"y":-0.006024157628417015,"z":0.0027025018353015186,"w":-0.9127330183982849},"size":8.583690643310547,"orthographic":true}